Country Name,Country Code,Region ,Indicator Name,2003,2004,2005,2006,2007,2008,2009,2010,2011,2012,2013
Aruba,ABW,Latin America & Caribbean,Adjusted net national income per capita (current US$),18140.29818,19503.28028,16199.59485,20567.52698,19423.42895,23229.61361,21289.6466,19741.1498,19960.52121,21038.15112,20841.48947
Andorra,AND,Europe & Central Asia,Adjusted net national income per capita (current US$),0,0,0,0,0,0,0,0,0,0,0
Afghanistan,AFG,South Asia,Adjusted net national income per capita (current US$),0,0,0,0,0,0,385.8943993,477.3070093,517.448448,554.7792155,550.9567007
Angola,AGO,Sub-Saharan Africa,Adjusted net national income per capita (current US$),437.003981,440.7527975,563.9345955,856.9122101,819.6949892,367.194821,735.3808047,1108.338717,1494.240377,1789.733615,2113.866121
Albania,ALB,Europe & Central Asia,Adjusted net national income per capita (current US$),1743.114101,2232.469483,2500.857583,2808.973837,3333.99614,3961.899406,3622.330148,3530.690656,3853.165353,3644.843103,3937.277061
United Arab Emirates,ARE,Middle East & North Africa,Adjusted net national income per capita (current US$),29500.4259,32307.05429,33402.25584,35940.37152,36627.75152,37339.6362,27355.86388,30537.81694,34564.77824,36057.06658,38070.0702
Argentina,ARG,Latin America & Caribbean,Adjusted net national income per capita (current US$),2675.967837,3176.814458,3794.102817,4893.936048,6111.502302,7607.623017,6956.11565,8810.359213,11008.52459,11250.02138,11255.02138
Armenia,ARM,Europe & Central Asia,Adjusted net national income per capita (current US$),815.8586964,1047.8719,1475.613727,1959.746874,2886.893681,3742.40779,2723.946831,2918.101653,3138.262966,3274.122578,3509.206422
American Samoa,ASM,East Asia & Pacific,Adjusted net national income per capita (current US$),0,0,0,0,0,0,0,0,0,0,0
Antigua and Barbuda,ATG,Latin America & Caribbean,Adjusted net national income per capita (current US$),0,0,0,0,0,0,0,0,0,0,0
Australia,AUS,East Asia & Pacific,Adjusted net national income per capita (current US$),18692.33705,24091.01179,26280.94334,27559.61245,30843.96869,37366.94047,32979.26224,39980.77299,47843.28688,52881.8056,52930.05827
Austria,AUT,Europe & Central Asia,Adjusted net national income per capita (current US$),26659.66672,30503.87539,31819.35887,33999.89118,39077.72145,43498.37128,39512.60002,38977.20713,42632.92867,40022.51845,41671.43331
Azerbaijan,AZE,Europe & Central Asia,Adjusted net national income per capita (current US$),651.5441168,739.6450732,941.5066521,1356.975769,2043.283122,3173.068794,3338.007123,3868.82852,4679.517951,5181.216604,5743.263637
Burundi,BDI,Sub-Saharan Africa,Adjusted net national income per capita (current US$),48.20587162,65.86510343,85.10330818,102.4058582,91.8018775,105.3761735,119.6613511,149.0493988,155.8471084,178.5315324,182.7131939
Belgium,BEL,Europe & Central Asia,Adjusted net national income per capita (current US$),25925.47388,29906.93792,30912.04406,32358.9915,36992.57571,40516.28062,36207.84032,37246.55427,38918.80983,37079.60198,38281.73306
Benin,BEN,Sub-Saharan Africa,Adjusted net national income per capita (current US$),440.6852135,498.0926019,517.4235682,534.0922328,598.2518345,697.505049,668.8029439,637.332426,697.1889863,702.1997766,765.858651
Burkina Faso,BFA,Sub-Saharan Africa,Adjusted net national income per capita (current US$),302.7971452,333.0532175,360.5943473,370.4385193,411.594768,484.3916393,460.7043452,454.6328971,500.9574975,517.2918109,544.0494449
Bangladesh,BGD,South Asia,Adjusted net national income per capita (current US$),426.3412185,455.8502468,479.1241574,488.7535372,539.9180822,622.9765994,693.202657,771.8537819,845.0189375,872.4031499,964.9418135
Bulgaria,BGR,Europe & Central Asia,Adjusted net national income per capita (current US$),2347.146468,2909.546448,3298.144843,3684.699377,4593.209376,5974.018148,5802.644668,5580.342227,6347.049895,6166.781592,6365.92673
Bahrain,BHR,Middle East & North Africa,Adjusted net national income per capita (current US$),11781.04773,13263.90338,15349.32088,16546.72287,18240.6189,19603.73632,15292.56708,16640.90299,17097.5868,17755.55858,18546.64422
"Bahamas, The",BHS,Latin America & Caribbean,Adjusted net national income per capita (current US$),25978.06291,26001.56522,27751.33582,27937.18937,28694.86969,28294.06457,26118.50309,25824.37798,25501.23098,27292.03471,26706.32662
Bosnia and Herzegovina,BIH,Europe & Central Asia,Adjusted net national income per capita (current US$),2207.432143,2710.725694,2839.183562,3200.443288,3834.923366,4677.422302,4328.819641,4124.585692,4435.963518,4117.081081,4494.397476
Belarus,BLR,Europe & Central Asia,Adjusted net national income per capita (current US$),1614.572746,2125.492754,2797.598765,3432.844067,4208.297473,5686.137618,4721.516431,5505.328487,5804.492263,6159.759883,6989.665648
Belize,BLZ,Latin America & Caribbean,Adjusted net national income per capita (current US$),2808.184648,2845.075458,2944.12517,3028.68568,2996.285792,2987.927508,3143.729167,3022.698452,3209.11089,3360.686899,3446.979784
Bermuda,BMU,North America,Adjusted net national income per capita (current US$),0,0,0,0,0,0,0,0,0,0,0
Bolivia,BOL,Latin America & Caribbean,Adjusted net national income per capita (current US$),775.2611822,803.6674373,830.5438014,944.4793967,1047.31005,1351.547368,1425.52785,1545.671016,1794.730598,1919.282805,2125.486682
Brazil,BRA,Latin America & Caribbean,Adjusted net national income per capita (current US$),2571.635876,3022.800424,3970.192963,4890.499034,6112.746122,7246.183777,7271.044572,9337.194188,10986.60762,10327.38604,10414.89321
Barbados,BRB,Latin America & Caribbean,Adjusted net national income per capita (current US$),10277.21823,10974.39311,12021.46414,12610.25148,14242.85701,14314.47395,13590.94818,13912.73657,13559.81616,13915.28279,13823.75094
Brunei Darussalam,BRN,East Asia & Pacific,Adjusted net national income per capita (current US$),13709.84741,15837.07359,17906.87905,19723.31541,21390.70682,25803.04473,20864.01535,25507.665,31907.09945,33687.53462,33729.41314
Bhutan,BTN,South Asia,Adjusted net national income per capita (current US$),878.4962145,976.5317796,1132.874812,1231.248825,1588.730758,1629.481869,1602.781117,1930.880875,2184.449891,2137.433675,2114.268085
Botswana,BWA,Sub-Saharan Africa,Adjusted net national income per capita (current US$),3097.509404,3523.983516,4002.04617,3860.74044,4059.637783,3990.316497,3638.670299,4648.767598,6135.567903,5632.09664,5429.364124
Central African Republic,CAF,Sub-Saharan Africa,Adjusted net national income per capita (current US$),273.0800587,296.7764203,307.9446445,329.3945413,373.4964417,423.429115,415.6378428,411.6333611,447.1520569,430.288876,278.9990012
Canada,CAN,North America,Adjusted net national income per capita (current US$),22832.11148,25942.07004,29559.95281,32803.91151,36272.00856,37735.73791,32883.99029,38427.36803,42189.913,42696.49321,42650.04721
Switzerland,CHE,Europe & Central Asia,Adjusted net national income per capita (current US$),40888.729,45380.38658,47905.92573,49973.52253,50935.75482,52730.12834,56265.65474,63531.5183,71212.45819,68125.90071,69068.37246
Channel Islands,CHI,Europe & Central Asia,Adjusted net national income per capita (current US$),0,0,0,0,0,0,0,0,0,0,0
Chile,CHL,Latin America & Caribbean,Adjusted net national income per capita (current US$),3698.064182,4492.859799,5427.995209,6019.400536,6792.520614,7466.005714,7436.745192,9146.420113,10600.76343,11471.48641,11982.73436
China,CHN,East Asia & Pacific,Adjusted net national income per capita (current US$),1070.107746,1229.487155,1408.843621,1678.538606,2131.699665,2652.383066,3012.455861,3459.181815,4124.14412,4770.882242,5262.94989
Cote d'Ivoire,CIV,,Adjusted net national income per capita (current US$),699.5197278,772.1874793,829.049092,825.9184091,940.0674846,1091.057833,1093.541837,1090.910152,1060.864682,1112.072949,1266.855009
Cameroon,CMR,Sub-Saharan Africa,Adjusted net national income per capita (current US$),731.2927252,852.3159565,833.8387022,870.196911,961.1330708,1080.391857,1109.964379,1059.839636,1143.262807,1090.873151,1183.829422
"Congo, Rep.",COG,Sub-Saharan Africa,Adjusted net national income per capita (current US$),332.1791994,247.9608872,130.9167474,76.77016137,325.9841449,483.4634387,583.8814766,492.1510107,349.5246288,514.5000084,831.4371519
Colombia,COL,Latin America & Caribbean,Adjusted net national income per capita (current US$),1833.468725,2226.045738,2704.342669,2950.936244,3740.116319,4267.188126,4172.011898,5024.446509,5622.306479,6268.804132,6466.229975
Comoros,COM,Sub-Saharan Africa,Adjusted net national income per capita (current US$),828.8725968,937.6529232,946.9018743,985.8955357,1098.870695,1228.953999,1181.28912,1172.448109,1304.130057,1275.855694,1380.14183
Cabo Verde,CPV,Sub-Saharan Africa,Adjusted net national income per capita (current US$),1482.536904,1658.675321,1658.037784,1838.099691,2548.167981,2932.54624,2739.14465,2554.300743,2842.572186,2584.111428,2626.864389
Costa Rica,CRI,Latin America & Caribbean,Adjusted net national income per capita (current US$),3661.633476,3902.471417,4161.112684,4682.672591,5501.072788,6274.426882,6074.464421,7299.732559,8186.236725,8946.415327,9412.029394
Cuba,CUB,Latin America & Caribbean,Adjusted net national income per capita (current US$),2754.790625,2906.686772,3245.73596,4020.477669,4338.674714,4565.675604,4672.838251,4815.756776,5172.233314,5495.624094,5812.226107
Curacao,CUW,,Adjusted net national income per capita (current US$),0,0,0,0,0,0,0,0,0,0,0
Cayman Islands,CYM,Latin America & Caribbean,Adjusted net national income per capita (current US$),0,0,0,0,0,0,0,0,0,0,0
Cyprus,CYP,Europe & Central Asia,Adjusted net national income per capita (current US$),17070.37825,19689.5323,20800.56608,22245.88498,25818.09571,30704.899,26832.79425,26205.3584,28305.13341,24474.9993,23132.88284
Czech Republic,CZE,Europe & Central Asia,Adjusted net national income per capita (current US$),7290.51903,8608.906607,9979.214321,11196.94838,13503.48744,16506.56674,14036.10678,14047.23332,15388.47238,14256.00686,14326.04027
Germany,DEU,Europe & Central Asia,Adjusted net national income per capita (current US$),24843.92577,28588.36368,29096.59256,30860.69576,35350.97743,38244.2922,34924.45517,35069.50969,39671.91268,37241.18439,39257.73989
Djibouti,DJI,Middle East & North Africa,Adjusted net national income per capita (current US$),0,0,0,0,0,0,0,0,0,0,1184.679643
Dominica,DMA,Latin America & Caribbean,Adjusted net national income per capita (current US$),4196.46471,4389.756434,4367.848268,4868.134414,5166.995416,5638.079034,5939.241411,6024.604417,5881.839029,5495.586887,5521.798649
Denmark,DNK,Europe & Central Asia,Adjusted net national income per capita (current US$),32848.67474,38091.59747,40328.31992,43125.95105,47963.95498,52148.73368,47491.41352,47972.22347,51243.68428,48824.98488,51808.66797
Dominican Republic,DOM,Latin America & Caribbean,Adjusted net national income per capita (current US$),2097.337712,2154.124979,3551.606716,3695.119942,4175.26562,4677.230778,4662.709695,5124.048861,5391.451828,5578.791898,5591.836333
Algeria,DZA,Middle East & North Africa,Adjusted net national income per capita (current US$),1540.930006,1885.389668,2060.283856,2275.835831,2761.031849,3441.991222,2927.644462,3407.251171,3963.324724,4050.21111,4036.033684
Ecuador,ECU,Latin America & Caribbean,Adjusted net national income per capita (current US$),1936.464881,2059.025339,2234.727498,2441.617319,2659.710853,3214.018207,3408.036821,3667.011472,4077.554469,4496.325158,4845.742869
"Egypt, Arab Rep.",EGY,Middle East & North Africa,Adjusted net national income per capita (current US$),1012.761938,923.3107881,994.0048457,1177.063978,1427.305143,1700.643804,2029.266646,2258.173653,2310.599898,2746.79929,2776.147739
Eritrea,ERI,Sub-Saharan Africa,Adjusted net national income per capita (current US$),283.7920344,349.4516071,338.8507579,365.5316429,382.8849578,386.2649312,521.1136953,587.9966245,606.1772089,0,0
Spain,ESP,Europe & Central Asia,Adjusted net national income per capita (current US$),18313.34008,21086.52013,22186.71756,23670.96341,26876.46607,29024.29303,26397.45391,25097.78781,25696.5583,23291.93435,23746.4106
Estonia,EST,Europe & Central Asia,Adjusted net national income per capita (current US$),5881.500773,7260.135272,8609.488068,10333.65828,13299.43407,14508.7452,11730.98326,11363.22057,13769.5831,13933.11167,15517.39835
Ethiopia,ETH,Sub-Saharan Africa,Adjusted net national income per capita (current US$),72.80117946,92.86845034,117.1982998,143.8181908,176.1021687,244.7556646,287.2979486,259.0775625,263.2960687,350.8441096,373.9222547
Finland,FIN,Europe & Central Asia,Adjusted net national income per capita (current US$),26951.96123,31345.99306,32213.04534,34303.03406,39994.42696,43763.56603,38546.71448,37972.25819,41496.64912,38463.64398,40209.10777
Fiji,FJI,East Asia & Pacific,Adjusted net national income per capita (current US$),2550.425596,3030.045396,3383.699014,3267.444476,3638.616854,3736.864603,3067.434317,3221.781437,3701.906458,3856.430733,4203.783721
France,FRA,Europe & Central Asia,Adjusted net national income per capita (current US$),25352.61143,29059.46936,29815.19373,31241.34843,35595.57423,38654.2053,34915.31018,34311.51773,37180.50512,34367.52343,35808.93088
Faeroe Islands,FRO,Europe & Central Asia,Adjusted net national income per capita (current US$),#N/A,#N/A,#N/A,#N/A,#N/A,#N/A,#N/A,#N/A,#N/A,#N/A,#N/A
"Micronesia, Fed. Sts.",FSM,East Asia & Pacific,Adjusted net national income per capita (current US$),0,0,0,0,0,0,0,0,0,0,0
Gabon,GAB,Sub-Saharan Africa,Adjusted net national income per capita (current US$),3155.044528,3136.083375,3657.487194,3675.791444,4052.069577,4545.540781,4511.575448,4586.303198,5198.685467,5137.811569,5457.049791
United Kingdom,GBR,Europe & Central Asia,Adjusted net national income per capita (current US$),30111.60841,35340.99567,37197.95888,38764.43592,44086.21356,40623.67475,33142.25854,33896.39243,36364.55421,36083.52447,36538.23564
Georgia,GEO,Europe & Central Asia,Adjusted net national income per capita (current US$),898.2187851,1189.786164,1495.50982,1840.550157,2385.239219,2957.751708,2503.56777,2629.749165,3248.167037,3715.324807,3770.62996
Ghana,GHA,Sub-Saharan Africa,Adjusted net national income per capita (current US$),290.2201204,332.6016772,394.5406939,750.0742782,864.7932946,951.652213,826.4278455,979.1573751,1097.912407,1074.372276,1720.078371
Guinea,GIN,Sub-Saharan Africa,Adjusted net national income per capita (current US$),293.7642404,316.7956853,236.9684543,358.5854369,527.626678,533.7389432,482.3916257,482.9331043,453.9358318,509.1836497,564.5613293
"Gambia, The",GMB,Sub-Saharan Africa,Adjusted net national income per capita (current US$),249.5411538,299.9466638,310.227718,308.8933063,359.9451659,418.0622577,371.7559418,382.6464494,329.4699223,315.3486269,490.7854651
Guinea-Bissau,GNB,Sub-Saharan Africa,Adjusted net national income per capita (current US$),315.2995495,349.6902694,376.1632972,370.9884045,414.491352,494.954014,455.7860054,468.5635658,608.6364616,513.9147352,514.2014289
Equatorial Guinea,GNQ,Sub-Saharan Africa,Adjusted net national income per capita (current US$),0,0,-595.5183861,3031.626487,4437.014481,5150.880601,4961.2419,2673.790315,4332.751404,4414.894443,5661.202535
Greece,GRC,Europe & Central Asia,Adjusted net national income per capita (current US$),15720.81018,18593.97523,19286.50032,20743.33504,23853.20836,26198.01014,24350.9624,21801.27771,20538.34572,18023.4111,17633.10925
Grenada,GRD,Latin America & Caribbean,Adjusted net national income per capita (current US$),0,0,0,0,0,0,0,0,0,0,0
Greenland,GRL,Europe & Central Asia,Adjusted net national income per capita (current US$),0,0,0,0,0,0,0,0,0,0,0
Guatemala,GTM,Latin America & Caribbean,Adjusted net national income per capita (current US$),1554.755157,1654.287409,1825.735828,1956.539606,2131.973218,2391.625763,2241.605074,2371.279229,2663.58655,2783.444775,2919.333964
Guam,GUM,East Asia & Pacific,Adjusted net national income per capita (current US$),0,0,0,0,0,0,0,0,0,0,0
Guyana,GUY,Latin America & Caribbean,Adjusted net national income per capita (current US$),904.4532378,968.3349283,1036.237775,1932.752038,2280.378466,2395.34208,2525.241874,2660.477005,2892.190453,3129.89846,3294.858972
"Hong Kong SAR, China",HKG,East Asia & Pacific,Adjusted net national income per capita (current US$),0,0,0,0,0,0,0,0,0,0,0
Honduras,HND,Latin America & Caribbean,Adjusted net national income per capita (current US$),1028.88072,1070.120875,1154.037634,1253.964507,1416.266773,1548.25097,1589.141473,1670.712868,1824.719078,1851.56913,1800.404869
Croatia,HRV,Europe & Central Asia,Adjusted net national income per capita (current US$),6441.481239,7814.305827,8702.603844,9603.683708,11512.51624,13363.88733,11666.16853,11183.87985,11753.02288,10709.75988,11228.08565
Haiti,HTI,Latin America & Caribbean,Adjusted net national income per capita (current US$),320.5884251,375.6165911,447.747985,486.8191576,591.8022637,644.7178639,639.5411271,628.6312063,707.024054,731.853456,768.3036387
Hungary,HUN,Europe & Central Asia,Adjusted net national income per capita (current US$),6630.006248,8082.055847,8840.163432,8975.387308,10664.08347,12149.6318,10006.04094,10096.54244,10845.92469,9978.243936,10877.88343
Indonesia,IDN,East Asia & Pacific,Adjusted net national income per capita (current US$),783.6169648,820.3604085,882.4742693,1126.82583,1316.463291,1538.135336,1673.094186,2325.629811,2680.861714,2746.810324,2703.68793
Isle of Man,IMN,Europe & Central Asia,Adjusted net national income per capita (current US$),0,0,0,0,0,0,0,0,0,0,0
India,IND,South Asia,Adjusted net national income per capita (current US$),476.451466,547.820316,620.8600977,699.1362832,889.5676737,850.1403266,954.3754827,1172.804567,1258.540207,1248.822896,1249.209021
Ireland,IRL,Europe & Central Asia,Adjusted net national income per capita (current US$),30588.98264,35048.57372,37224.47968,39792.3285,44606.07975,44588.3435,36047.54943,33811.35879,34894.67632,32476.6804,35990.78919
"Iran, Islamic Rep.",IRN,Middle East & North Africa,Adjusted net national income per capita (current US$),1782.728078,2140.327487,2485.094926,2883.58805,3843.037808,4294.777204,4545.706308,5355.085433,6281.140202,6168.139627,4691.415485
Iraq,IRQ,Middle East & North Africa,Adjusted net national income per capita (current US$),0,1015.547272,1400.68054,1837.013931,2506.986473,3807.607257,3225.643864,3721.645311,4693.543039,5317.2171,5476.731905
Iceland,ISL,Europe & Central Asia,Adjusted net national income per capita (current US$),0,0,0,0,0,0,0,0,32128.8055,32308.96488,39150.32601
Israel,ISR,Middle East & North Africa,Adjusted net national income per capita (current US$),15352.95042,16155.92582,17145.84787,18358.39854,21056.38446,24677.9329,22998.193,25867.4727,28698.98273,27322.64199,30818.04975
Italy,ITA,Europe & Central Asia,Adjusted net national income per capita (current US$),23047.83203,26419.50459,27098.2098,28289.98562,31684.7099,33639.29645,30490.16397,29459.5333,31385.78409,28361.44912,28810.48189
Jamaica,JAM,Latin America & Caribbean,Adjusted net national income per capita (current US$),2987.5296,3218.899999,3515.699595,3741.398481,4004.665473,4308.998784,3721.345107,4134.572385,4505.271714,4710.463786,4435.645304
Jordan,JOR,Middle East & North Africa,Adjusted net national income per capita (current US$),1699.986487,1881.715106,2014.263415,2350.5184,2564.679102,3121.014356,3208.522317,3288.661378,3394.042798,3436.534526,3550.908019
Japan,JPN,East Asia & Pacific,Adjusted net national income per capita (current US$),27583.76559,30064.30216,29744.04446,28347.04946,28260.14784,30961.03256,31702.71351,35086.7823,38081.33916,38612.86269,32488.22596
Kazakhstan,KAZ,Europe & Central Asia,Adjusted net national income per capita (current US$),1376.75446,1817.673688,2193.14529,2958.398559,4348.295304,5187.009841,4810.303986,5717.931578,7113.561886,7834.290256,9380.125613
Kenya,KEN,Sub-Saharan Africa,Adjusted net national income per capita (current US$),337.2049707,360.5969277,417.1916476,570.6553412,684.0427496,752.9533151,755.1327258,798.0552513,821.2286873,957.5812582,1018.389558
Kyrgyz Republic,KGZ,Europe & Central Asia,Adjusted net national income per capita (current US$),317.4164698,355.8262966,409.6568222,479.8139426,646.4041445,787.7705723,703.8104085,664.6806693,805.1514285,958.0330791,945.6230309
Cambodia,KHM,East Asia & Pacific,Adjusted net national income per capita (current US$),317.5253773,354.5281161,412.968377,466.987059,547.3864285,639.0729067,621.9837485,660.4069922,742.6516454,800.9583211,868.2249746
Kiribati,KIR,East Asia & Pacific,Adjusted net national income per capita (current US$),1434.895714,1606.960661,1622.675082,1531.126594,1836.208912,1958.885487,1695.332817,2077.419114,2253.920671,2539.370716,2695.298357
St. Kitts and Nevis,KNA,Latin America & Caribbean,Adjusted net national income per capita (current US$),0,0,0,0,0,0,0,0,0,0,0
"Korea, Rep.",KOR,East Asia & Pacific,Adjusted net national income per capita (current US$),11721.4744,13128.71893,15269.35658,17237.66181,19078.70741,16635.99486,14729.0967,18160.96605,19677.69496,19980.90589,20901.65801
Kosovo,KSV,Europe & Central Asia,Adjusted net national income per capita (current US$),0,0,0,0,0,0,0,0,0,0,0
Kuwait,KWT,Middle East & North Africa,Adjusted net national income per capita (current US$),19773.49901,24730.28055,31532.43067,39305.05883,42306.53975,48465.08232,34707.80669,34443.6355,41012.07519,43965.71007,42359.99253
Lao PDR,LAO,East Asia & Pacific,Adjusted net national income per capita (current US$),287.302572,337.4498561,388.0476816,436.3255063,540.8364593,647.5588786,707.2786232,780.0778387,943.8080286,1122.67949,1324.382694
Lebanon,LBN,Middle East & North Africa,Adjusted net national income per capita (current US$),3189.004087,3855.756391,3937.008104,3803.34314,4450.330431,5200.750121,6188.536904,6439.665358,6347.234371,6528.790625,6442.87683
Liberia,LBR,Sub-Saharan Africa,Adjusted net national income per capita (current US$),151.088173,208.5155339,219.9875301,254.4917517,282.5529212,331.2481114,304.6589684,325.9455466,381.1862626,358.7051443,396.596356
Libya,LBY,Middle East & North Africa,Adjusted net national income per capita (current US$),3542.917942,4047.125098,5526.462287,6249.453002,7849.317344,9841.674863,7735.877739,8716.151932,4828.790247,9361.972259,8316.837353
St. Lucia,LCA,Latin America & Caribbean,Adjusted net national income per capita (current US$),4004.668576,4195.49029,4455.749599,5574.567744,6177.384317,6087.36044,6077.523735,6631.366645,6945.484088,6817.66626,7073.569498
Liechtenstein,LIE,Europe & Central Asia,Adjusted net national income per capita (current US$),0,0,0,0,0,0,0,0,0,0,0
Sri Lanka,LKA,South Asia,Adjusted net national income per capita (current US$),922.3099969,994.6963862,1160.859814,1327.968071,1512.748501,1862.262123,1943.060536,2597.124533,2960.500031,3071.002141,3273.704381
Lesotho,LSO,Sub-Saharan Africa,Adjusted net national income per capita (current US$),754.2446645,963.0824257,1023.572531,1061.031123,1104.260945,1086.020489,1032.153135,1313.282046,1411.773396,1294.141351,1191.467259
Lithuania,LTU,Europe & Central Asia,Adjusted net national income per capita (current US$),4635.757275,5704.308915,6775.253891,7935.283237,10389.77609,12633.0777,10302.31777,0,0,0,0
Luxembourg,LUX,Europe & Central Asia,Adjusted net national income per capita (current US$),46951.51042,61681.49727,66272.29149,64410.23461,81768.3125,82487.46783,57108.00231,63004.25537,66255.24597,61116.20869,62617.19921
Latvia,LVA,Europe & Central Asia,Adjusted net national income per capita (current US$),3883.876989,4778.304962,5826.425416,7228.752789,10598.61957,12526.91312,10201.79908,8601.764483,10349.66472,10290.37398,11348.43025
"Macao SAR, China",MAC,East Asia & Pacific,Adjusted net national income per capita (current US$),0,0,0,0,0,0,0,0,0,0,0
St. Martin (French part),MAF,Latin America & Caribbean,Adjusted net national income per capita (current US$),0,0,0,0,0,0,0,0,0,0,0
Morocco,MAR,Middle East & North Africa,Adjusted net national income per capita (current US$),1511.514088,1713.887255,1787.589495,1940.225048,2206.942637,2549.908952,2504.472762,2472.545213,2647.329811,2522.651988,2719.600336
Monaco,MCO,Europe & Central Asia,Adjusted net national income per capita (current US$),0,0,0,0,0,0,0,0,0,0,0
Moldova,MDA,Europe & Central Asia,Adjusted net national income per capita (current US$),539.563551,722.1094545,832.9419429,954.5143375,1209.596562,1688.738254,1462.882531,1636.32958,1999.478252,2139.060122,2339.805454
Madagascar,MDG,Sub-Saharan Africa,Adjusted net national income per capita (current US$),294.5134461,225.9471502,253.3106273,269.0269927,350.4067885,435.7436843,386.2201228,381.7990089,419.6846231,402.0950526,414.8653258
Maldives,MDV,South Asia,Adjusted net national income per capita (current US$),3178.543434,3653.453438,3330.90061,4441.972088,4447.380565,5347.116555,5164.898206,5396.348598,5818.460657,5821.006629,6230.768202
Mexico,MEX,Latin America & Caribbean,Adjusted net national income per capita (current US$),5715.496006,6016.811884,6509.786696,7160.072908,7598.107805,7807.279588,6276.677695,7362.916552,7857.338853,7887.444894,8242.838989
Marshall Islands,MHL,East Asia & Pacific,Adjusted net national income per capita (current US$),0,0,0,0,0,0,0,0,0,0,0
"Macedonia, FYR",MKD,Europe & Central Asia,Adjusted net national income per capita (current US$),#N/A,#N/A,#N/A,#N/A,#N/A,#N/A,#N/A,#N/A,#N/A,#N/A,#N/A
Mali,MLI,Sub-Saharan Africa,Adjusted net national income per capita (current US$),335.1171019,378.8810707,428.7470223,456.0143586,520.9779963,572.1681567,567.3957416,557.1644161,637.7802462,547.7241375,599.41677
Malta,MLT,Middle East & North Africa,Adjusted net national income per capita (current US$),0,0,0,0,0,0,0,0,0,0,0
Myanmar,MMR,East Asia & Pacific,Adjusted net national income per capita (current US$),209.4471303,207.2835802,230.1263083,275.0467434,385.1153263,608.1530757,708.9496538,942.797632,1121.306389,1058.643804,1060.114754
Montenegro,MNE,Europe & Central Asia,Adjusted net national income per capita (current US$),0,0,0,4168.529726,5421.645068,6675.822886,5899.588123,5867.368608,6607.340241,5952.563453,6515.388888
Mongolia,MNG,East Asia & Pacific,Adjusted net national income per capita (current US$),547.4176657,654.1062582,816.6622302,1011.89893,1258.026724,1593.356272,1266.628158,1822.244692,2528.618435,3251.134578,3377.604207
Northern Mariana Islands,MNP,East Asia & Pacific,Adjusted net national income per capita (current US$),0,0,0,0,0,0,0,0,0,0,0
Mozambique,MOZ,Sub-Saharan Africa,Adjusted net national income per capita (current US$),244.1003846,288.6191844,320.1942788,319.6285774,353.9588596,422.6060606,403.553502,356.2009993,446.863696,476.3812686,509.6509842
Mauritania,MRT,Sub-Saharan Africa,Adjusted net national income per capita (current US$),496.8409798,556.7046495,600.3645441,649.2113964,655.2758409,756.6254065,805.0539676,836.6354493,941.2993566,872.6993389,890.1994819
Mauritius,MUS,Sub-Saharan Africa,Adjusted net national income per capita (current US$),4122.580445,4691.813837,4579.346341,5160.861827,6056.170621,7242.371805,6410.556445,7072.219454,7964.253411,7889.099532,8124.283585
Malawi,MWI,Sub-Saharan Africa,Adjusted net national income per capita (current US$),217.0724575,235.3715425,239.4938458,246.7872531,258.7076989,307.5770553,314.4822107,357.9759066,406.5284787,280.6275882,245.2665231
Malaysia,MYS,East Asia & Pacific,Adjusted net national income per capita (current US$),3173.246234,3538.64081,4045.105476,4605.435989,5469.413966,6331.91413,5534.522995,6804.800261,7939.958454,8139.997209,8370.978434
Namibia,NAM,Sub-Saharan Africa,Adjusted net national income per capita (current US$),2440.591284,3109.603984,3246.675204,3525.09927,3703.726077,3609.665517,3704.448773,4509.129492,4907.791404,5041.945057,5005.24959
New Caledonia,NCL,East Asia & Pacific,Adjusted net national income per capita (current US$),0,0,0,0,0,0,0,0,0,0,0
Niger,NER,Sub-Saharan Africa,Adjusted net national income per capita (current US$),182.8373621,204.2432445,223.2185879,229.63296,254.216429,306.1940925,291.5760907,303.7272482,322.7372857,326.2285235,337.501985
Nigeria,NGA,Sub-Saharan Africa,Adjusted net national income per capita (current US$),658.0909011,823.2810571,1007.938072,1377.788028,1557.692091,1811.942618,1565.484534,1823.661325,1918.604554,2144.181794,2344.155085
Nicaragua,NIC,Latin America & Caribbean,Adjusted net national income per capita (current US$),863.1266407,931.3577151,1019.213318,1061.035986,1156.003545,1302.601156,1249.945241,1274.915039,1400.953949,1482.426188,1521.634213
Netherlands,NLD,Europe & Central Asia,Adjusted net national income per capita (current US$),29731.29694,33786.47733,34460.35392,37844.04846,43369.92973,46346.51663,42737.00839,41980.65207,45274.35638,41839.51855,43399.31555
Norway,NOR,Europe & Central Asia,Adjusted net national income per capita (current US$),39174.07432,44765.90256,52451.97855,57480.23044,66164.31934,73176.00282,61977.22888,68568.62814,77242.73864,78447.11124,80857.49657
Nepal,NPL,South Asia,Adjusted net national income per capita (current US$),240.5107408,270.0772113,298.3062386,326.5678657,365.84388,440.6053282,449.9095304,550.7369591,649.6010923,651.2629646,666.9218486
New Zealand,NZL,East Asia & Pacific,Adjusted net national income per capita (current US$),17818.39839,20418.74173,21908.84453,20877.88141,25520.59929,23949.5498,22332.57954,26603.7569,30841.86092,32238.25036,34930.83289
Oman,OMN,Middle East & North Africa,Adjusted net national income per capita (current US$),5571.191072,5967.605708,6683.533902,6895.510465,9335.458294,13146.32365,9795.814222,10546.36654,9808.190527,10874.49016,10784.79474
Pakistan,PAK,South Asia,Adjusted net national income per capita (current US$),505.9262459,577.5683516,630.0488226,765.2302172,832.9890745,914.0925554,906.5952813,946.3384485,1124.163799,1167.396139,1182.608436
Panama,PAN,Latin America & Caribbean,Adjusted net national income per capita (current US$),3759.300485,3992.051644,4281.727119,4638.124462,5334.793431,6309.247132,6680.226779,6920.055448,8329.346189,9492.937538,10513.267
Peru,PER,Latin America & Caribbean,Adjusted net national income per capita (current US$),1868.701241,2046.144784,2258.640183,2409.651805,2788.480682,3358.865983,3399.896071,4076.029394,4634.680804,5275.64079,5572.321031
Philippines,PHL,East Asia & Pacific,Adjusted net national income per capita (current US$),1095.45218,1142.856151,1267.057619,1459.952103,1707.42483,1996.175893,1976.613446,2279.916843,2474.506911,2770.858361,3007.479157
Palau,PLW,East Asia & Pacific,Adjusted net national income per capita (current US$),0,0,0,0,0,0,0,0,0,0,0
Papua New Guinea,PNG,East Asia & Pacific,Adjusted net national income per capita (current US$),364.5957484,380.1972068,477.075128,778.8102861,964.7402698,1120.773177,1157.802867,1301.794307,1662.323258,2038.550757,2099.82119
Poland,POL,Europe & Central Asia,Adjusted net national income per capita (current US$),4873.282249,5522.825315,6768.767727,7597.578792,9425.035161,11971.11215,9809.871304,10719.98116,11868.28496,11228.17544,11731.31618
Puerto Rico,PRI,Latin America & Caribbean,Adjusted net national income per capita (current US$),0,0,0,0,0,0,0,0,0,0,0
"Korea, Dem. Rep.",PRK,East Asia & Pacific,Adjusted net national income per capita (current US$),#N/A,#N/A,#N/A,#N/A,#N/A,#N/A,#N/A,#N/A,#N/A,#N/A,#N/A
Portugal,PRT,Europe & Central Asia,Adjusted net national income per capita (current US$),13048.44975,14820.29727,15402.21966,15947.44292,18411.57318,19697.63272,18263.88094,17861.8235,18568.61962,16321.58031,17514.63993
Paraguay,PRY,Latin America & Caribbean,Adjusted net national income per capita (current US$),1022.888616,1285.140335,1409.688809,1786.509676,2453.759857,3375.622281,3015.865459,3596.179996,4479.58498,4293.126207,4928.565507
French Polynesia,PYF,East Asia & Pacific,Adjusted net national income per capita (current US$),0,0,0,0,0,0,0,0,0,0,0
Qatar,QAT,Middle East & North Africa,Adjusted net national income per capita (current US$),26076.45597,28415.73956,30380.02648,38175.9452,42636.91821,51076.27378,37093.49367,41865.06279,51131.58177,55369.38783,57055.34915
Romania,ROU,Europe & Central Asia,Adjusted net national income per capita (current US$),2069.203775,2659.235211,3607.320236,4520.555683,6698.924123,8348.083752,6762.106827,6554.84463,7082.932263,6665.513605,7465.383108
Russian Federation,RUS,Europe & Central Asia,Adjusted net national income per capita (current US$),2208.215596,3134.984306,4056.771604,5321.426269,7223.311219,9065.808277,6660.24511,8426.137374,11257.9772,12109.25721,12577.15289
Rwanda,RWA,Sub-Saharan Africa,Adjusted net national income per capita (current US$),169.2820165,194.5054841,240.6444858,290.6773036,337.8609524,406.0964464,443.3704903,467.43743,516.9112324,559.2688491,561.7504725
Saudi Arabia,SAU,Middle East & North Africa,Adjusted net national income per capita (current US$),7593.7397,8574.709687,10512.4788,11782.90532,12891.18451,15293.82699,13375.00327,15762.79865,18575.20644,19686.00677,19404.08233
Sudan,SDN,Sub-Saharan Africa,Adjusted net national income per capita (current US$),0,0,0,0,0,0,0,0,1344.42154,1489.037456,990.1031232
Senegal,SEN,Sub-Saharan Africa,Adjusted net national income per capita (current US$),728.6458151,834.9762677,882.8625414,924.1746398,1089.075919,1264.560527,1165.606344,1134.644425,1196.414538,1151.222956,1190.596826
Singapore,SGP,East Asia & Pacific,Adjusted net national income per capita (current US$),18957.85725,21320.88783,23518.8126,27772.86839,32733.47302,32315.54814,30934.0075,40099.66612,44990.33074,45322.02004,46752.70187
Solomon Islands,SLB,East Asia & Pacific,Adjusted net national income per capita (current US$),631.9342719,702.6730791,735.3816671,766.5592721,704.377113,690.6213977,587.7942652,612.9461212,759.4089131,1103.993435,1304.025889
Sierra Leone,SLE,Sub-Saharan Africa,Adjusted net national income per capita (current US$),213.708252,217.5653872,242.9610735,273.5980472,320.9186442,375.0586184,359.7840993,346.3542118,374.7678116,488.616517,569.0393867
El Salvador,SLV,Latin America & Caribbean,Adjusted net national income per capita (current US$),2023.145422,2075.356023,2215.643146,2406.072874,2538.176071,2672.836977,2567.809182,2684.767313,2950.62509,3002.292644,3047.933141
San Marino,SMR,Europe & Central Asia,Adjusted net national income per capita (current US$),0,0,0,0,0,0,0,0,0,0,0
Somalia,SOM,Sub-Saharan Africa,Adjusted net national income per capita (current US$),0,0,0,0,0,0,0,0,0,0,0
Serbia,SRB,Europe & Central Asia,Adjusted net national income per capita (current US$),0,0,0,3433.854928,4455.394083,5431.839301,4779.626608,4408.770166,5235.83329,4549.403839,5062.456633
South Sudan,SSD,Sub-Saharan Africa,Adjusted net national income per capita (current US$),0,0,0,0,0,0,0,0,0,0,0
Sao Tome and Principe,STP,,Adjusted net national income per capita (current US$),533.6838609,574.8348256,684.6076419,747.8293914,773.7277051,918.5679377,846.574964,855.8350757,909.1887567,763.4958107,891.1082279
Suriname,SUR,Latin America & Caribbean,Adjusted net national income per capita (current US$),2107.811294,2351.935234,2837.917943,4148.067169,4696.696098,5291.387734,5979.600948,5592.949123,4548.192775,5252.903793,6007.105954
Slovak Republic,SVK,Europe & Central Asia,Adjusted net national income per capita (current US$),6352.946459,7990.30173,8936.339576,10191.47254,12678.07925,14943.82426,13082.05511,12941.0027,13890.81192,13424.10919,14230.30025
Slovenia,SVN,Europe & Central Asia,Adjusted net national income per capita (current US$),12052.65347,13887.36205,14687.25913,15951.84434,19181.34545,22017.57786,19487.96931,18452.07314,19626.6507,17391.05935,18064.11477
Sweden,SWE,Europe & Central Asia,Adjusted net national income per capita (current US$),31795.67179,36115.35933,36975.19344,40373.92445,46692.87311,48736.35509,39276.82068,44707.62471,50888.76539,48819.84993,51587.76632
Swaziland,SWZ,Sub-Saharan Africa,Adjusted net national income per capita (current US$),#N/A,#N/A,#N/A,#N/A,#N/A,#N/A,#N/A,#N/A,#N/A,#N/A,#N/A
Sint Maarten (Dutch part),SXM,Latin America & Caribbean,Adjusted net national income per capita (current US$),0,0,0,0,0,0,0,0,0,0,0
Seychelles,SYC,Sub-Saharan Africa,Adjusted net national income per capita (current US$),7178.221356,9336.521432,10346.38871,11376.07588,10697.07979,9060.846712,8530.564994,9148.702691,10297.11385,10211.74128,12270.14458
Syrian Arab Republic,SYR,Middle East & North Africa,Adjusted net national income per capita (current US$),890.3836944,1093.466613,1172.614336,1324.05811,1602.962652,0,0,0,0,0,0
Turks and Caicos Islands,TCA,Latin America & Caribbean,Adjusted net national income per capita (current US$),0,0,0,0,0,0,0,0,0,0,0
Chad,TCD,Sub-Saharan Africa,Adjusted net national income per capita (current US$),206.3433249,228.9779794,353.8688276,380.404893,461.7249951,511.0639056,609.0710736,670.4529455,708.383556,715.9332114,741.2047746
Togo,TGO,Sub-Saharan Africa,Adjusted net national income per capita (current US$),336.7304308,362.6929976,357.6049311,372.1954682,394.2573771,446.2710305,434.5149233,433.6858413,473.3914605,391.46981,460.579968
Thailand,THA,East Asia & Pacific,Adjusted net national income per capita (current US$),1859.517236,2103.991274,2274.699758,2673.468734,3177.12251,3425.589865,3322.445945,4000.155715,4364.812004,4494.163775,4622.312996
Tajikistan,TJK,Europe & Central Asia,Adjusted net national income per capita (current US$),0,242.9352143,254.1166468,340.8887153,468.1079032,637.69508,611.7733769,780.0753381,896.1628069,1048.719248,1151.546838
Turkmenistan,TKM,Europe & Central Asia,Adjusted net national income per capita (current US$),582.6593749,695.7964459,717.2432029,867.7255864,1127.596249,2056.942733,2940.476681,3029.296149,3506.208335,0,0
Timor-Leste,TLS,East Asia & Pacific,Adjusted net national income per capita (current US$),718.2942773,262.7168498,0,0,61.40960074,532.8559687,823.5767118,1253.884503,1650.649736,1481.081516,1541.733859
Tonga,TON,East Asia & Pacific,Adjusted net national income per capita (current US$),1885.956259,2124.646551,2382.325065,2707.156373,2757.732609,3171.513152,2894.880072,3346.562594,3833.294349,4320.979425,4156.936454
Trinidad and Tobago,TTO,Latin America & Caribbean,Adjusted net national income per capita (current US$),6294.260118,7920.519876,8706.899648,9505.599521,11710.86806,15608.04353,10392.14717,12174.53984,11936.52568,12659.33736,13779.40126
Tunisia,TUN,Middle East & North Africa,Adjusted net national income per capita (current US$),2199.98702,2471.238159,2467.594787,2611.439494,2846.80346,3124.143636,3104.878797,3150.684161,3192.545604,3117.784323,3155.600333
Turkey,TUR,Europe & Central Asia,Adjusted net national income per capita (current US$),3933.742523,5076.772152,6266.758745,6804.254742,8198.819565,9081.516068,7450.690776,8954.726933,9573.265339,9883.280155,10611.0018
Tuvalu,TUV,East Asia & Pacific,Adjusted net national income per capita (current US$),0,0,0,0,0,0,0,0,0,0,0
"Taiwan, China",TWN,East Asia & Pacific,Adjusted net national income per capita (current US$),#N/A,#N/A,#N/A,#N/A,#N/A,#N/A,#N/A,#N/A,#N/A,#N/A,#N/A
Tanzania,TZA,Sub-Saharan Africa,Adjusted net national income per capita (current US$),379.8840956,404.5473454,429.9515532,433.8741984,487.5983943,604.5306895,610.7045181,646.9994131,677.5530728,763.1900161,865.589136
Uganda,UGA,Sub-Saharan Africa,Adjusted net national income per capita (current US$),173.2595708,227.0039917,252.2918482,272.325643,315.1360755,345.2057582,444.6429642,487.9429161,458.0317702,492.0716952,504.5488844
Ukraine,UKR,Europe & Central Asia,Adjusted net national income per capita (current US$),833.4550529,1104.243151,1507.954483,1898.607393,2546.926192,3282.978207,2059.268773,2423.991732,2903.806014,3229.209128,3348.884253
Uruguay,URY,Latin America & Caribbean,Adjusted net national income per capita (current US$),3148.97475,3558.2721,4586.340751,5190.943777,6194.199085,7891.711386,8200.361957,10256.27741,12309.12309,13188.75469,14726.24838
United States,USA,North America,Adjusted net national income per capita (current US$),33837.16083,35784.99783,37619.95384,39790.85077,40672.60019,40434.22882,39399.2691,40911.95717,42551.14014,44822.1606,45734.87711
Uzbekistan,UZB,Europe & Central Asia,Adjusted net national income per capita (current US$),305.93452,371.3369104,442.3606263,484.2255191,673.5372376,872.3397843,1007.320319,1177.694674,1300.411569,1466.402545,1653.301665
St. Vincent and the Grenadines,VCT,Latin America & Caribbean,Adjusted net national income per capita (current US$),3638.299643,3887.935651,4135.987446,4638.346857,4958.874892,5356.360547,5297.132069,5355.418168,5311.795983,5528.202175,5610.5898
"Venezuela, RB",VEN,Latin America & Caribbean,Adjusted net national income per capita (current US$),2787.957488,3573.531534,4536.096234,5748.202166,7501.190898,10436.13154,10769.96472,12662.48602,9750.419026,11640.68732,11106.45921
Virgin Islands (U.S.),VIR,Latin America & Caribbean,Adjusted net national income per capita (current US$),0,0,0,0,0,0,0,0,0,0,0
Vietnam,VNM,East Asia & Pacific,Adjusted net national income per capita (current US$),458.0486693,504.0705245,561.6719056,625.9707122,731.9843647,918.0936711,878.0558004,1075.566059,1230.177868,1410.474089,1539.514821
Vanuatu,VUT,East Asia & Pacific,Adjusted net national income per capita (current US$),1354.005689,1523.255894,1577.829055,1759.107457,2038.879723,2446.942476,2295.998076,2547.979663,2831.191397,2645.696101,2808.018163
West Bank and Gaza,PSE,Middle East & North Africa,Adjusted net national income per capita (current US$),0,0,0,0,0,0,0,0,0,0,0
Samoa,WSM,East Asia & Pacific,Adjusted net national income per capita (current US$),1525.955779,1889.268725,2046.540326,2252.620672,2463.217162,2860.381281,2529.587214,2931.103713,3345.90547,3622.822222,3610.39445
"Yemen, Rep.",YEM,Middle East & North Africa,Adjusted net national income per capita (current US$),383.8466845,419.0666944,455.309623,546.2042531,660.4488572,804.847861,861.3132484,1005.931369,1051.287036,1198.264264,1319.120252
South Africa,ZAF,Sub-Saharan Africa,Adjusted net national income per capita (current US$),3107.782578,4019.708523,4491.725589,4641.622463,4907.187901,4413.440222,4732.589964,5883.215157,6387.854128,6017.126222,5443.181596
"Congo, Dem. Rep.",COD,Sub-Saharan Africa,Adjusted net national income per capita (current US$),139.2821946,153.8268085,169.74538,183.3735355,199.2274344,217.825676,202.7707647,242.2046831,266.3433483,290.0086903,292.3527532
Zambia,ZMB,Sub-Saharan Africa,Adjusted net national income per capita (current US$),360.1543848,410.3939845,519.2062908,708.0711246,728.6552392,972.4359506,854.6808004,999.1322325,1151.028184,1305.565777,1364.893867
Zimbabwe,ZWE,Sub-Saharan Africa,Adjusted net national income per capita (current US$),442.2977292,435.3583159,431.8964879,392.7834434,364.9611009,290.841536,637.3503559,773.9580053,830.4665421,934.2659655,1105.223859
